{"cameraMode":{"drawMode":0,"name":"Shaded","section":"Shading Mode"},"sceneLighting":false,"audioPlay":false,"sceneViewState":{"showFog":true,"showMaterialUpdate":false,"showSkybox":false,"showFlares":true,"showImageEffects":true,"showParticleSystems":true},"in2DMode":false,"pivot":{"x":258.1278991699219,"y":312.6619567871094,"z":0.0},"rotation":{"x":0.024306951090693475,"y":0.01049259677529335,"z":-0.00024383887648582458,"w":0.9996775984764099},"size":32.041133880615237,"orthographic":false}